Latitude,Longitude,Crash Type,geometry,Presence of guardrails,Cable barriers,Rumble strips,Pavement condition,Proximity to highway entrances and exits,Urban vs. rural environment,Surrounding natural features,Number of lanes,Shoulder type and width,Posted speed limit,Presence and type of median or divider,Lane markings and signage visibility,Nighttime lighting and visibility,Injurious
35.87072,-88.02357,Property Damage,POINT (-88.02357 35.87072),none,none,none,none,0,none,none,none,none,none,none,none,none,0
35.8173,-88.1895,Property Damage,POINT (-88.18949999999998 35.8173),none,none,none,none,0,none,none,none,none,none,none,none,none,0
35.8173,-88.1895,Property Damage,POINT (-88.18949999999998 35.8173),none,none,none,none,0,none,none,none,none,none,none,none,none,0
35.81677,-88.19157,Property Damage,POINT (-88.19157 35.81676999999999),none,none,none,none,0,none,none,none,none,none,none,none,none,0
35.81699,-88.19182,Property Damage,POINT (-88.19182 35.81699),none,none,none,none,0,none,none,none,none,none,none,none,none,0
35.81682,-88.19295,Property Damage,POINT (-88.19294999999998 35.81681999999999),none,none,none,none,0,none,none,none,none,none,none,none,none,0
35.81625,-88.19503,Property Damage,POINT (-88.19503 35.816250000000004),none,none,none,none,0,none,none,none,none,none,none,none,none,0
35.8163,-88.19625,Property Damage,POINT (-88.19624999999999 35.8163),none,none,none,none,0,none,none,none,none,none,none,none,none,0
35.81553,-88.20142,Property Damage,POINT (-88.20142 35.81553),1,0,2,2,0,0,0,2,2,4,2,2,0,0
35.81512,-88.2048,Property Damage,POINT (-88.20479999999999 35.81511999999999),1,0,2,2,0,0,0,2,2,4,2,2,0,0
35.81511,-88.20498,Property Damage,POINT (-88.20497999999999 35.81510999999999),0,0,2,2,0,0,0,2,2,4,2,2,0,0
35.81511,-88.20501,Property Damage,POINT (-88.20500999999999 35.81510999999999),0,0,2,2,0,0,0,2,2,4,2,2,0,0
35.81508,-88.20513,Property Damage,POINT (-88.20513 35.815079999999995),0,0,2,2,0,0,0,2,2,4,2,2,0,0
35.81499,-88.20707,Property Damage,POINT (-88.20706999999999 35.814989999999995),2,0,2,2,0,0,0,2,2,4,4,2,0,0
35.81496,-88.20865,Property Damage,POINT (-88.20864999999999 35.81496),2,0,2,2,0,0,0,2,2,4,4,2,0,0
35.81494,-88.2099,Property Damage,POINT (-88.20989999999999 35.81494),2,0,2,2,0,0,0,2,2,4,4,2,0,0
35.81432,-88.21501,Property Damage,POINT (-88.21500999999999 35.814319999999995),2,0,2,2,0,0,0,2,2,4,4,2,0,0
35.81455,-88.21915,Property Damage,POINT (-88.21915000000001 35.81455),0,0,2,2,0,0,0,2,2,4,2,2,0,0
35.81473,-88.21933,Property Damage,POINT (-88.21933 35.81472999999999),0,0,2,2,0,0,0,2,2,4,2,2,0,0
35.81458,-88.21941,Property Damage,POINT (-88.21941 35.81458),0,0,2,2,0,0,0,2,2,4,2,2,0,0
35.81458,-88.21944,Property Damage,POINT (-88.21943999999999 35.81458),0,0,2,2,0,0,0,2,2,4,2,2,0,0
35.81459,-88.21956,Property Damage,POINT (-88.21956 35.814589999999995),0,0,2,2,0,0,0,2,2,4,2,2,0,0
35.8151,-88.22381,Property Damage,POINT (-88.22381 35.81510000000001),2,0,2,2,0,0,0,2,2,4,4,2,0,0
35.81564,-88.2301,Property Damage,POINT (-88.23009999999998 35.81564000000001),0,0,2,2,0,0,0,2,2,4,2,2,0,0
35.81603,-88.23404,Property Damage,POINT (-88.23403999999998 35.81603),1,0,2,2,0,0,0,2,2,4,2,2,0,0
35.81604,-88.23414,Property Damage,POINT (-88.23414000000001 35.81604),1,0,2,2,0,0,0,2,2,4,2,2,0,0
35.81614,-88.23507,Property Damage,POINT (-88.23506999999998 35.81613999999998),0,0,2,2,0,0,0,2,2,4,2,2,0,0
35.81647,-88.23835,Property Damage,POINT (-88.23835 35.816469999999995),0,0,2,2,0,0,0,2,2,4,2,2,0,0
35.81762,-88.24986,Property Damage,POINT (-88.24986 35.81761999999999),0,0,2,2,MC,0,0,2,2,4,4,2,0,0
35.81733,-88.25206,Property Damage,POINT (-88.25206 35.81733),0,0,2,2,MC,0,0,2,2,4,4,2,0,0
35.81745,-88.25332,Property Damage,POINT (-88.25331999999999 35.81745),0,0,2,2,MC,0,0,2,2,4,4,2,0,0
35.81899,-88.26315,Property Damage,POINT (-88.26315 35.81899),0,1,2,2,0,0,0,2,2,4,4,2,0,0
35.81843,-88.26406,Property Damage,POINT (-88.26406 35.81842999999999),0,1,2,2,0,0,0,2,2,4,4,2,0,0
35.8186,-88.26488,Property Damage,POINT (-88.26488 35.8186),1,1,2,2,0,0,0,2,2,4,4,2,0,0
35.81829,-88.265,Property Damage,POINT (-88.265 35.81828999999999),1,1,2,2,0,0,0,2,2,4,4,2,0,0
35.81853,-88.26509,Property Damage,POINT (-88.26509 35.81853),1,1,2,2,0,0,0,2,2,4,4,2,0,0
35.81841,-88.26564,Property Damage,POINT (-88.26564 35.81840999999999),1,1,2,2,0,0,0,2,2,4,4,2,0,0
35.81839,-88.26574,Property Damage,POINT (-88.26574 35.81839),1,1,2,2,0,0,0,2,2,4,4,2,0,0
35.81813,-88.26581,Property Damage,POINT (-88.26580999999999 35.81813),1,1,2,2,0,0,0,2,2,4,4,2,0,0
35.81809,-88.26705,Property Damage,POINT (-88.26704999999998 35.81809),1,1,2,4,0,0,0,2,2,4,4,2,0,0
35.81784,-88.26714,Property Damage,POINT (-88.26713999999998 35.81783999999998),1,1,2,4,0,0,0,2,2,4,4,2,0,0
35.81765,-88.26795,Property Damage,POINT (-88.26795 35.81764999999999),1,1,2,4,0,0,0,2,2,4,4,2,0,0
35.81789,-88.26803,Property Damage,POINT (-88.26803 35.81788999999999),1,1,2,4,0,0,0,2,2,4,4,2,0,0
35.81749,-88.26867,Property Damage,POINT (-88.26867 35.81749000000001),1,1,2,4,0,0,0,2,2,4,4,2,0,0
35.81772,-88.26877,Property Damage,POINT (-88.26876999999999 35.81772),1,1,2,4,0,0,0,2,2,4,4,2,0,0
35.81772,-88.26879,Property Damage,POINT (-88.26879 35.81772),1,1,2,4,0,0,0,2,2,4,4,2,0,0
35.81714,-88.27134,Property Damage,POINT (-88.27133999999998 35.817139999999995),1,1,2,4,0,0,0,2,2,4,4,2,0,0
35.81684,-88.27264,Property Damage,POINT (-88.27263999999998 35.81683999999999),1,1,2,4,0,0,0,2,2,4,4,2,0,0
35.81681,-88.27277,Property Damage,POINT (-88.27277 35.81681),1,1,2,4,0,0,0,2,2,4,4,2,0,0
35.81624,-88.27427,Property Damage,POINT (-88.27426999999999 35.81624),1,1,2,4,0,0,0,2,2,4,4,2,0,0
35.81626,-88.27529,Property Damage,POINT (-88.27529 35.81626),0,1,2,4,0,0,0,2,2,4,4,2,0,0
35.81582,-88.27609,Property Damage,POINT (-88.27609 35.815819999999995),0,1,2,4,0,0,0,2,2,4,4,2,0,0
35.81407,-88.28368,Property Damage,POINT (-88.28367999999999 35.81407),1,1,2,3,0,0,0,2,2,4,4,2,0,0
35.81385,-88.28598,Property Damage,POINT (-88.28597999999998 35.813849999999995),1,1,2,3,0,0,0,2,2,4,4,2,0,0
35.81353,-88.28639,Property Damage,POINT (-88.28639 35.81352999999999),1,1,2,3,0,0,0,2,2,4,4,2,0,0
35.81209,-88.29279,Property Damage,POINT (-88.29278999999998 35.81208999999999),0,1,2,3,0,0,0,2,2,4,4,2,0,0
35.81202,-88.29313,Property Damage,POINT (-88.29312999999999 35.81202),0,1,2,3,0,0,0,2,2,4,4,2,0,0
35.80967,-88.30353,Property Damage,POINT (-88.30352999999998 35.80966999999999),0,1,2,3,0,0,0,2,2,4,4,2,0,0
35.80945,-88.30566,Property Damage,POINT (-88.30565999999999 35.80945),1,1,2,3,0,0,0,2,2,4,4,2,0,0
35.80896,-88.30658,Property Damage,POINT (-88.30658000000001 35.80896),0,0,2,3,0,0,0,2,2,4,2,2,0,0
35.80895,-88.30663,Property Damage,POINT (-88.30663 35.80895),0,0,2,3,0,0,0,2,2,4,2,2,0,0
35.80915,-88.30684,Property Damage,POINT (-88.30684000000001 35.80915),0,0,2,3,0,0,0,2,2,4,2,2,0,0
35.80898,-88.30692,Property Damage,POINT (-88.30692000000002 35.80898),0,0,2,3,0,0,0,2,2,4,2,2,0,0
35.80744,-88.31132,Property Damage,POINT (-88.31131999999998 35.80743999999999),0,0,2,3,0,0,0,2,2,4,2,2,0,0
35.8068,-88.31397,Property Damage,POINT (-88.31396999999998 35.806799999999996),0,0,2,3,0,0,0,2,2,4,2,2,0,0
35.80604,-88.31617,Property Damage,POINT (-88.31617 35.806039999999996),1,0,2,3,0,0,0,2,2,4,2,2,0,0
35.80566,-88.31649,Property Damage,POINT (-88.31648999999999 35.80566),1,0,2,3,0,0,0,2,2,4,2,2,0,0
35.80577,-88.31697,Property Damage,POINT (-88.31697 35.80577),1,0,2,3,0,0,0,2,2,4,2,2,0,0
35.8046,-88.31963,Property Damage,POINT (-88.31962999999999 35.80459999999999),0,0,2,3,0,0,0,2,2,4,2,2,0,0
35.80444,-88.32017,Property Damage,POINT (-88.32017 35.80443999999999),0,0,2,3,0,0,0,2,2,4,2,2,0,0
35.80428,-88.32182,Property Damage,POINT (-88.32182 35.80427999999999),0,0,2,3,0,0,0,2,2,4,2,2,0,0
35.80417,-88.32246,Property Damage,POINT (-88.32246 35.80417),0,0,2,3,0,0,0,2,2,4,2,2,0,0
35.80409,-88.32305,Property Damage,POINT (-88.32305 35.80409000000001),0,0,2,3,0,0,0,2,2,4,2,2,0,0
35.8039,-88.3233,Property Damage,POINT (-88.3233 35.8039),0,0,2,3,0,0,0,2,2,4,2,2,0,0
35.804,-88.324,Property Damage,POINT (-88.324 35.804),1,0,2,3,0,0,0,2,2,4,2,2,0,0
35.80394,-88.32407,Property Damage,POINT (-88.32407 35.80393999999999),1,0,2,3,0,0,0,2,2,4,2,2,0,0
35.80324,-88.32719,Property Damage,POINT (-88.32719 35.80324),1,0,2,3,0,0,0,2,2,4,2,2,0,0
35.80311,-88.3292,Property Damage,POINT (-88.3292 35.80310999999998),2,0,2,3,0,0,0,2,2,4,4,2,0,0
35.80315,-88.32965,Property Damage,POINT (-88.32964999999999 35.80315),2,0,2,3,0,0,0,2,2,4,4,2,0,0
35.80287,-88.32992,Property Damage,POINT (-88.32991999999999 35.80287),2,0,2,3,0,0,0,2,2,4,4,2,0,0
35.8031,-88.32999,Property Damage,POINT (-88.32998999999998 35.8031),2,0,2,3,0,0,0,2,2,4,4,2,0,0
35.80305,-88.33041,Property Damage,POINT (-88.33041 35.80305),0,0,2,3,0,0,0,2,2,4,4,2,0,0
35.80271,-88.3327,Property Damage,POINT (-88.3327 35.802710000000005),0,0,2,3,0,0,0,2,2,4,2,2,0,0
35.80243,-88.33294,Property Damage,POINT (-88.33294 35.80243),0,0,2,3,0,0,0,2,2,4,2,2,0,0
35.80228,-88.33576,Property Damage,POINT (-88.33576 35.80228),0,0,2,3,0,0,0,2,2,4,2,2,0,0
35.80177,-88.33938,Property Damage,POINT (-88.33937999999999 35.80176999999999),0,0,2,3,0,0,0,2,2,4,2,1,0,0
35.80142,-88.34003,Property Damage,POINT (-88.34003 35.80142),0,0,2,3,0,0,0,2,2,4,2,1,0,0
35.80135,-88.34061,Property Damage,POINT (-88.34061 35.801350000000006),0,0,2,3,0,0,0,2,2,4,2,1,0,0
35.80131,-88.34078,Property Damage,POINT (-88.34078 35.801309999999994),0,0,2,3,0,0,0,2,2,4,2,1,0,0
35.80138,-88.34211,Property Damage,POINT (-88.34211 35.80138),1,0,2,3,0,0,0,2,2,4,2,1,0,0
35.80112,-88.34391,Property Damage,POINT (-88.34391 35.80112),1,0,2,3,0,0,0,2,2,4,2,1,0,0
35.80085,-88.34405,Property Damage,POINT (-88.34405 35.80085),2,0,2,3,0,0,0,2,2,4,2,1,0,0
35.80081,-88.34611,Property Damage,POINT (-88.34611 35.800810000000006),2,0,2,3,0,0,0,2,2,4,3,1,0,0
35.8006,-88.34746,Property Damage,POINT (-88.34746 35.800599999999996),2,0,2,3,0,0,0,2,2,4,3,1,0,0
35.80059,-88.34763,Property Damage,POINT (-88.34763 35.80059),2,0,2,3,0,0,0,2,2,4,3,1,0,0
35.79999,-88.35189,Property Damage,POINT (-88.35189 35.79999),0,0,2,3,0,0,0,2,2,4,2,3,0,0
35.79998,-88.35193,Property Damage,POINT (-88.35193 35.79998),0,0,2,3,0,0,0,2,2,4,2,3,0,0
35.7999,-88.35307,Property Damage,POINT (-88.35307 35.79989999999999),0,0,2,3,0,0,0,2,2,4,2,3,0,0
35.79953,-88.35512,Property Damage,POINT (-88.35511999999999 35.79953),0,0,2,3,0,0,0,2,2,4,2,3,0,0
35.79935,-88.3563,Property Damage,POINT (-88.35629999999999 35.79934999999999),0,0,2,3,0,0,0,2,2,4,2,3,0,0
35.79922,-88.35719,Property Damage,POINT (-88.35718999999999 35.79922),0,0,2,3,0,0,0,2,2,4,2,3,0,0
35.79885,-88.35947,Property Damage,POINT (-88.35947 35.798849999999995),0,0,2,3,0,0,0,2,2,4,2,3,0,0
35.79874,-88.36,Property Damage,POINT (-88.36 35.798739999999995),0,0,2,3,0,0,0,2,2,4,2,3,0,0
35.79808,-88.36168,Property Damage,POINT (-88.36168000000002 35.79807999999999),0,0,2,3,none,0,0,3,2,4,2,3,0,0
35.79792,-88.36226,Property Damage,POINT (-88.36226 35.79792),0,0,2,3,none,0,0,3,2,4,2,3,0,0
35.79785,-88.36249,Property Damage,POINT (-88.36249 35.79785),0,0,2,3,none,0,0,3,2,4,2,3,0,0
35.79693,-88.36515,Property Damage,POINT (-88.36515000000001 35.79693000000001),0,0,2,3,none,0,0,3,2,4,2,3,0,0
35.79664,-88.36657,Property Damage,POINT (-88.36657 35.79664),0,0,2,3,none,0,0,3,2,4,2,3,0,0
35.79572,-88.36827,Property Damage,POINT (-88.36827000000001 35.79572000000001),0,0,2,3,none,0,0,3,2,4,2,3,0,0
35.79482,-88.37134,Property Damage,POINT (-88.37134 35.79482),0,0,2,3,none,0,0,3,2,4,2,3,0,0
35.79474,-88.37152,Property Damage,POINT (-88.37152 35.79473999999999),0,0,2,3,none,0,0,3,2,4,2,3,0,0
35.79377,-88.37405,Property Damage,POINT (-88.37404999999998 35.79377),0,0,2,3,none,0,0,3,2,4,2,3,0,0
35.79327,-88.37538,Property Damage,POINT (-88.37538 35.79327),0,0,2,3,none,0,0,3,2,4,2,3,0,0
35.79215,-88.37765,Property Damage,POINT (-88.37764999999999 35.79215),0,0,2,3,none,0,0,3,2,4,2,3,0,0
35.79206,-88.37856,Property Damage,POINT (-88.37856 35.79206),1,0,2,3,none,0,0,3,2,4,2,3,0,0
35.79206,-88.37856,Property Damage,POINT (-88.37856 35.79206),1,0,2,3,none,0,0,3,2,4,2,3,0,0
35.79166,-88.37892,Property Damage,POINT (-88.37892 35.79165999999999),1,0,2,3,none,0,0,3,2,4,2,3,0,0
35.79166,-88.37892,Property Damage,POINT (-88.37892 35.79165999999999),1,0,2,3,none,0,0,3,2,4,2,3,0,0
35.79156,-88.37994,Property Damage,POINT (-88.37993999999999 35.79156),0,0,2,3,none,0,0,3,2,4,2,3,0,0
35.79078,-88.38302,Property Damage,POINT (-88.38302 35.79078),0,0,2,3,none,0,0,3,2,4,2,3,0,0
35.79039,-88.38391,Property Damage,POINT (-88.38391 35.790389999999995),0,0,2,3,none,0,0,3,2,4,2,3,0,0
35.79054,-88.38455,Property Damage,POINT (-88.38454999999999 35.79054),0,0,2,3,1,0,0,3,2,4,2,3,0,0
35.79022,-88.3864,Property Damage,POINT (-88.38639999999998 35.79022),0,0,2,3,1,0,0,3,2,4,2,3,0,0
35.7899,-88.38829,Property Damage,POINT (-88.38829 35.789899999999996),0,0,2,3,1,0,0,3,2,4,2,3,0,0
35.7896,-88.38872,Property Damage,POINT (-88.38872 35.78959999999999),0,0,2,3,1,0,0,3,2,4,2,3,0,0
35.78943,-88.38917,Property Damage,POINT (-88.38916999999998 35.789429999999996),0,0,2,3,1,0,0,3,2,4,2,3,0,0
35.7894,-88.38994,Property Damage,POINT (-88.38994 35.7894),0,0,2,3,1,0,0,3,2,4,2,3,1,0
35.7899,-88.39078,Property Damage,POINT (-88.39077999999999 35.789899999999996),0,0,2,3,1,0,0,3,2,4,2,3,1,0
35.78879,-88.39125,Property Damage,POINT (-88.39125 35.78878999999999),1,0,2,3,1,0,0,3,2,4,2,3,1,0
35.78992,-88.39142,Property Damage,POINT (-88.39142 35.78992),1,0,2,3,1,0,0,3,2,4,2,3,1,0
35.78985,-88.39166,Property Damage,POINT (-88.39166 35.78985),1,0,2,3,1,0,0,3,2,4,2,3,1,0
35.78984,-88.39166,Property Damage,POINT (-88.39166 35.78983999999999),1,0,2,3,1,0,0,3,2,4,2,3,1,0
35.78913,-88.39173,Property Damage,POINT (-88.39173 35.78912999999999),1,0,2,3,1,0,0,3,2,4,2,3,1,0
35.78884,-88.39177,Property Damage,POINT (-88.39177 35.78883999999999),1,0,2,3,1,0,0,3,2,4,2,3,1,0
35.78863,-88.39179,Property Damage,POINT (-88.39178999999999 35.78862999999999),1,0,2,3,1,0,0,3,2,4,2,3,1,0
35.78864,-88.39182,Property Damage,POINT (-88.39182 35.78864),1,0,2,3,1,0,0,3,2,4,2,3,1,0
35.78862,-88.39183,Property Damage,POINT (-88.39182999999998 35.78862),1,0,2,3,1,0,0,3,2,4,2,3,1,0
35.78907,-88.39209,Property Damage,POINT (-88.39208999999998 35.78907),1,0,2,3,1,0,0,3,2,4,2,3,1,0
35.78931,-88.39213,Property Damage,POINT (-88.39212999999998 35.78931),1,0,2,3,1,0,0,3,2,4,2,3,1,0
35.78921,-88.39249,Property Damage,POINT (-88.39249 35.78921),1,0,2,3,1,0,0,3,2,4,2,3,1,0
35.78858,-88.39318,Property Damage,POINT (-88.39317999999999 35.788579999999996),0,0,2,3,1,0,0,3,2,4,2,3,1,0
35.78856,-88.39491,Property Damage,POINT (-88.39491 35.78855999999999),0,0,2,3,1,0,0,3,2,4,2,3,0,0
35.78807,-88.39692,Property Damage,POINT (-88.39691999999998 35.78807),0,0,2,3,1,0,0,3,2,4,2,3,0,0
35.78826,-88.39713,Property Damage,POINT (-88.39713 35.78826),0,0,2,3,1,0,0,3,2,4,2,3,0,0
35.78768,-88.3988,Property Damage,POINT (-88.39879999999998 35.787679999999995),0,0,2,3,0,0,0,3,2,4,2,3,0,0
35.78675,-88.40132,Property Damage,POINT (-88.40131999999998 35.78674999999999),0,0,2,3,0,0,0,3,2,4,2,3,0,0
35.78653,-88.40191,Property Damage,POINT (-88.40190999999999 35.786530000000006),0,0,2,3,0,0,0,3,2,4,2,3,0,0
35.78616,-88.4022,Property Damage,POINT (-88.4022 35.78616),0,0,2,3,0,0,0,3,2,4,2,3,0,0
35.78494,-88.40547,Property Damage,POINT (-88.40546999999998 35.78494),0,0,2,3,0,0,0,3,2,4,2,3,0,0
35.78499,-88.40606,Property Damage,POINT (-88.40606 35.78498999999999),1,0,2,3,0,0,0,3,2,4,2,3,0,0
35.78452,-88.4073,Property Damage,POINT (-88.40729999999999 35.78451999999999),0,0,2,3,0,0,0,3,2,4,2,3,0,0
35.78386,-88.40837,Property Damage,POINT (-88.40836999999999 35.78385999999999),0,0,2,3,0,0,0,3,2,4,2,3,0,0
35.78219,-88.41288,Property Damage,POINT (-88.41288 35.78218999999999),0,0,2,3,0,0,0,3,2,4,2,3,0,0
35.78223,-88.41346,Property Damage,POINT (-88.41345999999999 35.78223),0,0,2,3,0,0,0,3,2,4,2,3,0,0
35.78121,-88.41549,Property Damage,POINT (-88.41549 35.781209999999994),0,0,2,3,0,0,0,3,2,4,2,3,0,0
35.77961,-88.4198,Property Damage,POINT (-88.4198 35.77961),0,0,2,3,0,0,0,3,2,4,2,3,0,0
35.77928,-88.42136,Property Damage,POINT (-88.42135999999999 35.77928000000001),0,0,2,3,0,0,0,3,2,4,2,3,0,0
35.77892,-88.42167,Property Damage,POINT (-88.42167 35.77891999999999),0,0,2,3,0,0,0,3,2,4,2,3,0,0
35.77872,-88.4229,Property Damage,POINT (-88.42289999999998 35.77872000000001),0,0,2,3,0,0,0,3,2,4,2,3,0,0
35.77868,-88.42298,Property Damage,POINT (-88.42298 35.77868),0,0,2,3,0,0,0,3,2,4,2,3,0,0
35.77824,-88.42416,Property Damage,POINT (-88.42416 35.77824),0,0,2,3,0,0,0,3,2,4,2,3,0,0
35.77699,-88.42757,Property Damage,POINT (-88.42756999999999 35.77699),0,0,2,3,0,0,0,3,2,4,2,3,0,0
35.77543,-88.43103,Property Damage,POINT (-88.43102999999999 35.77543),1,0,2,3,0,0,0,3,2,4,2,3,0,0
35.77431,-88.43481,Property Damage,POINT (-88.43481 35.77430999999999),0,0,2,3,0,0,0,3,2,4,2,3,0,0
35.77291,-88.43954,Property Damage,POINT (-88.43953999999998 35.77291000000001),0,0,2,3,0,0,0,3,2,4,2,3,0,0
35.7725,-88.44014,Property Damage,POINT (-88.44014 35.7725),0,0,2,3,0,0,0,3,2,4,2,3,0,0
35.77235,-88.44072,Property Damage,POINT (-88.44072 35.77235),0,0,2,3,0,0,0,3,2,4,2,3,0,0
35.77229,-88.44094,Property Damage,POINT (-88.44093999999998 35.77228999999999),0,0,2,3,0,0,0,3,2,4,2,3,0,0
35.77239,-88.44105,Property Damage,POINT (-88.44105000000002 35.77239000000001),0,0,2,3,0,0,0,3,2,4,2,3,0,0
35.77224,-88.44211,Property Damage,POINT (-88.44211 35.772240000000004),0,0,2,3,0,0,0,3,2,4,2,3,0,0
35.77152,-88.44499,Property Damage,POINT (-88.44498999999999 35.77152),0,0,2,3,0,0,0,3,2,4,2,3,0,0
35.77041,-88.44936,Property Damage,POINT (-88.44936 35.77040999999999),0,0,2,3,0,0,0,3,2,4,2,3,0,0
35.76997,-88.45109,Property Damage,POINT (-88.45108999999998 35.76997),0,0,2,3,0,0,0,3,2,4,2,3,0,0
35.7698,-88.45123,Property Damage,POINT (-88.45123 35.76979999999999),0,0,2,3,0,0,0,3,2,4,2,3,0,0
35.76993,-88.45125,Property Damage,POINT (-88.45125 35.769929999999995),0,0,2,3,0,0,0,3,2,4,2,3,0,0
35.76987,-88.45145,Property Damage,POINT (-88.45144999999998 35.76986999999999),0,0,2,3,0,0,0,3,2,4,2,3,0,0
35.7695,-88.45291,Property Damage,POINT (-88.45291 35.769499999999994),1,0,2,3,0,0,0,3,2,4,2,3,0,0
35.76841,-88.45719,Property Damage,POINT (-88.45719 35.76841000000001),0,0,2,3,0,0,0,3,2,4,2,3,0,0
35.76823,-88.45792,Property Damage,POINT (-88.45792 35.76823000000001),0,0,2,3,0,0,0,3,2,4,2,3,0,0
35.76821,-88.45801,Property Damage,POINT (-88.45801 35.768209999999996),0,0,2,3,0,0,0,3,2,4,2,3,0,0
35.76826,-88.45819,Property Damage,POINT (-88.45818999999999 35.76826),0,0,2,3,0,0,0,3,2,4,2,3,0,0
35.7674,-88.46036,Property Damage,POINT (-88.46036 35.767399999999995),0,0,2,3,0,0,0,3,2,4,2,3,0,0
35.76733,-88.46047,Property Damage,POINT (-88.46047 35.76733),0,0,2,3,0,0,0,3,2,4,2,3,0,0
35.76752,-88.46071,Property Damage,POINT (-88.46070999999999 35.76752),0,0,2,3,0,0,0,3,2,4,2,3,0,0
35.76742,-88.46111,Property Damage,POINT (-88.46111 35.76741999999999),0,0,2,3,0,0,0,3,2,4,2,3,0,0
35.76561,-88.46823,Property Damage,POINT (-88.46823 35.76561),0,0,2,3,0,0,0,3,2,4,2,3,0,0
35.76551,-88.46864,Property Damage,POINT (-88.46863999999998 35.76550999999999),0,0,2,3,0,0,0,3,2,4,2,3,0,0
35.76545,-88.46885,Property Damage,POINT (-88.46885 35.765449999999994),0,0,2,3,0,0,0,3,2,4,2,3,0,0
35.76476,-88.47061,Property Damage,POINT (-88.47061 35.76476000000001),0,0,2,3,0,0,0,3,2,4,2,3,0,0
35.76417,-88.47385,Property Damage,POINT (-88.47385 35.76417),0,0,2,3,0,0,4,3,2,4,2,3,0,0
35.7636,-88.47509,Property Damage,POINT (-88.47509 35.7636),0,0,2,3,0,0,4,3,2,4,2,3,0,0
35.7635,-88.47551,Property Damage,POINT (-88.47550999999999 35.7635),0,0,2,3,0,0,4,3,2,4,2,3,0,0
35.76323,-88.47658,Property Damage,POINT (-88.47658 35.76323),0,0,2,3,0,0,4,3,2,4,2,3,0,0
35.76308,-88.47717,Property Damage,POINT (-88.47717 35.76308),0,0,2,3,0,0,4,3,2,4,2,3,0,0
35.76317,-88.47801,Property Damage,POINT (-88.47800999999998 35.76317),0,0,2,3,0,0,4,3,2,4,2,3,0,0
35.76282,-88.47824,Property Damage,POINT (-88.47824 35.76282),0,0,2,3,0,0,4,3,2,4,2,3,0,0
35.76253,-88.48034,Property Damage,POINT (-88.48033999999998 35.76252999999999),0,0,2,3,0,0,4,3,2,4,2,3,0,0