Latitude,Longitude,Crash Type,geometry,Presence of guardrails,Cable barriers,Rumble strips,Pavement condition,Proximity to highway entrances and exits,Urban vs. rural environment,Surrounding natural features,Number of lanes,Shoulder type and width,Posted speed limit,Presence and type of median or divider,Lane markings and signage visibility,Nighttime lighting and visibility,Injurious
35.65542,-88.87844,Property Damage,POINT (-88.87844 35.65542),2,0,2,4,0,0,0,2,2,3,3,3,2,0
35.65496,-88.87899,Property Damage,POINT (-88.87898999999999 35.65496),2,0,2,4,0,0,0,2,2,3,3,3,2,0
35.65512,-88.87921,Property Damage,POINT (-88.87921 35.65512),2,0,2,4,0,0,0,2,2,3,3,3,2,0
35.65479,-88.87936,Property Damage,POINT (-88.87935999999999 35.65478999999999),2,0,2,4,0,0,0,2,2,3,3,3,2,0
35.65461,-88.87987,Property Damage,POINT (-88.87986999999998 35.65460999999999),2,0,2,4,0,0,0,2,2,3,3,3,2,0
35.65422,-88.88088,Property Damage,POINT (-88.88088000000002 35.65422),2,0,2,4,0,0,0,2,2,3,3,3,2,0
35.654,-88.88142,Property Damage,POINT (-88.88141999999999 35.653999999999996),2,0,2,4,0,0,0,2,2,3,3,3,2,0
35.65376,-88.88272,Property Damage,POINT (-88.88271999999999 35.653760000000005),2,1,2,4,0,0,0,2,2,3,3,3,2,0
35.65332,-88.88319,Property Damage,POINT (-88.88318999999998 35.653319999999994),2,1,2,4,0,0,0,2,2,3,3,3,2,0
35.6535,-88.88338,Property Damage,POINT (-88.88338 35.6535),2,1,2,4,0,0,0,2,2,3,3,3,2,0
35.65319,-88.88417,Property Damage,POINT (-88.88417 35.653189999999995),2,1,2,4,0,0,0,2,2,3,2,3,0,0
35.65289,-88.88429,Property Damage,POINT (-88.88428999999998 35.65289),2,1,2,4,0,0,0,2,2,3,2,3,0,0
35.6529,-88.88492,Property Damage,POINT (-88.88492 35.652899999999995),2,1,2,4,0,0,0,2,2,3,2,3,0,0
35.65253,-88.88521,Property Damage,POINT (-88.88520999999999 35.65252999999999),1,1,2,4,0,0,0,2,2,3,2,3,0,0
35.65276,-88.88527,Property Damage,POINT (-88.88526999999999 35.652759999999994),1,1,2,4,0,0,0,2,2,3,2,3,0,0
35.65265,-88.88556,Property Damage,POINT (-88.88556000000001 35.652649999999994),1,1,2,4,0,0,0,2,2,3,2,3,0,0
35.65225,-88.88594,Property Damage,POINT (-88.88593999999999 35.65225),1,1,2,4,0,0,0,2,2,none,2,3,0,0
35.65222,-88.88602,Property Damage,POINT (-88.88602 35.65221999999999),1,1,2,4,0,0,0,2,2,none,2,3,0,0
35.65192,-88.88679,Property Damage,POINT (-88.88679 35.651920000000004),1,1,2,4,0,0,0,2,2,none,2,3,0,0
35.65145,-88.88801,Property Damage,POINT (-88.88801 35.65144999999999),1,1,2,4,0,0,0,2,2,none,2,3,0,0
35.6517,-88.88802,Property Damage,POINT (-88.88801999999998 35.65169999999999),1,1,2,4,0,0,0,2,2,none,2,3,0,0
35.65159,-88.8883,Property Damage,POINT (-88.88829999999999 35.65159),1,1,2,3,0,0,0,2,2,none,2,3,0,0
35.65135,-88.88892,Property Damage,POINT (-88.88891999999998 35.651349999999994),1,1,0,3,0,0,0,2,2,none,2,3,0,0
35.65072,-88.88988,Property Damage,POINT (-88.88987999999999 35.65071999999999),1,0,2,3,0,0,0,2,2,2,2,3,0,0
35.65069,-88.89061,Property Damage,POINT (-88.89060999999998 35.65069),1,0,2,3,0,0,0,2,2,2,2,3,0,0
35.65056,-88.89092,Property Damage,POINT (-88.89092 35.65056),1,0,2,3,0,0,0,2,2,2,2,3,0,0
35.65051,-88.89106,Property Damage,POINT (-88.89106 35.65050999999999),1,0,2,3,0,0,0,2,2,2,2,3,0,0
35.65016,-88.89195,Property Damage,POINT (-88.89195 35.65015999999999),1,0,2,3,0,0,0,2,2,2,2,3,0,0
35.65011,-88.89208,Property Damage,POINT (-88.89208 35.65011),1,0,2,3,0,0,0,2,2,2,2,3,0,0
35.64975,-88.89234,Property Damage,POINT (-88.89234 35.649750000000004),1,0,2,3,0,0,0,2,2,2,2,3,0,0
35.64974,-88.89237,Property Damage,POINT (-88.89237 35.64974000000001),1,0,2,3,0,0,0,2,2,2,2,3,0,0
35.64983,-88.89298,Property Damage,POINT (-88.89298 35.64983),1,0,2,3,0,0,0,2,2,2,2,3,0,0
35.64965,-88.89323,Property Damage,POINT (-88.89323 35.64965),1,0,2,3,0,0,0,2,2,2,2,3,0,0
35.64876,-88.89499,Property Damage,POINT (-88.89498999999999 35.64875999999999),1,0,2,3,0,0,0,2,2,2,2,3,0,0
35.64855,-88.89559,Property Damage,POINT (-88.89558999999998 35.64854999999999),1,0,2,3,0,0,0,2,2,2,2,3,0,0
35.64879,-88.89564,Property Damage,POINT (-88.89564 35.64879),1,0,2,3,0,0,0,2,2,2,2,3,0,0
35.64874,-88.89581,Property Damage,POINT (-88.89580999999998 35.64873999999999),1,0,2,3,0,0,0,2,2,2,2,3,0,0
35.64844,-88.89583,Property Damage,POINT (-88.89582999999999 35.64844000000001),1,0,2,3,0,0,0,2,2,2,2,3,0,0
35.6484,-88.89609,Property Damage,POINT (-88.89608999999999 35.6484),1,0,2,3,0,0,0,2,2,2,2,3,0,0
35.64826,-88.89652,Property Damage,POINT (-88.89651999999998 35.64826),1,0,2,3,0,0,0,2,2,2,2,3,0,0
35.64835,-88.89706,Property Damage,POINT (-88.89706 35.64835),1,0,2,3,0,0,0,2,2,2,2,3,0,0
35.64809,-88.89793,Property Damage,POINT (-88.89793 35.64809),1,0,2,3,0,0,0,2,2,2,2,3,0,0
35.64778,-88.89813,Property Damage,POINT (-88.89813 35.64777999999999),1,0,2,3,0,0,0,2,2,2,2,3,0,0
35.64798,-88.8983,Property Damage,POINT (-88.8983 35.64797999999999),1,0,2,3,0,0,0,2,2,2,2,3,0,0
35.64771,-88.8984,Property Damage,POINT (-88.8984 35.64771),1,0,2,3,0,0,0,2,2,2,2,3,0,0
35.64792,-88.89852,Property Damage,POINT (-88.89851999999999 35.64791999999999),1,0,2,3,0,0,0,2,2,2,2,3,0,0
35.64764,-88.89862,Property Damage,POINT (-88.89862 35.64763999999999),1,0,2,3,0,0,0,2,2,2,2,3,0,0
35.64759,-88.89881,Property Damage,POINT (-88.89881 35.64759),1,0,2,3,0,0,0,2,2,2,2,3,0,0
35.64756,-88.8989,Property Damage,POINT (-88.8989 35.64755999999999),1,0,2,3,0,0,0,2,2,2,2,3,0,0
35.64776,-88.89917,Property Damage,POINT (-88.89917 35.64775999999999),1,0,2,3,0,0,0,2,2,2,2,3,0,0
35.64761,-88.89959,Property Damage,POINT (-88.89958999999999 35.64761),1,0,2,3,0,0,0,2,2,2,2,3,0,0
35.64697,-88.90094,Property Damage,POINT (-88.90093999999999 35.64697),1,0,2,3,0,0,0,2,2,2,2,3,0,0
35.64712,-88.90126,Property Damage,POINT (-88.90126 35.647119999999994),1,0,2,3,0,0,0,2,2,2,2,3,0,0
35.64702,-88.90159,Property Damage,POINT (-88.90159000000001 35.64701999999999),1,0,2,3,0,0,0,2,2,2,2,3,0,0
35.64691,-88.90199,Property Damage,POINT (-88.90199 35.64691),1,0,2,3,0,0,0,2,2,2,2,3,0,0
35.64652,-88.9025,Property Damage,POINT (-88.90249999999999 35.646519999999995),1,0,2,3,0,0,0,2,2,2,2,3,0,0
35.64672,-88.90264,Property Damage,POINT (-88.90263999999999 35.646719999999995),1,0,2,3,0,0,0,2,2,2,2,3,0,0
35.6467,-88.90269,Property Damage,POINT (-88.90268999999999 35.646699999999996),1,0,2,3,0,0,0,2,2,2,2,3,0,0
35.64642,-88.9027,Property Damage,POINT (-88.9027 35.64641999999999),1,0,2,3,0,0,0,2,2,2,2,3,0,0
35.64645,-88.90273,Property Damage,POINT (-88.90272999999999 35.64645),1,0,2,3,0,0,0,2,2,2,2,3,0,0
35.64663,-88.90297,Property Damage,POINT (-88.90296999999998 35.64663),1,0,2,3,0,0,0,2,2,2,2,3,0,0
35.64603,-88.90419,Property Damage,POINT (-88.90419000000001 35.646029999999996),1,0,2,3,0,0,0,2,2,2,2,3,0,0
35.64626,-88.90454,Property Damage,POINT (-88.90454 35.64626),0,0,2,3,0,0,0,2,2,2,2,3,0,0
35.64577,-88.90506,Property Damage,POINT (-88.90506 35.64577),0,0,2,3,0,0,0,2,2,2,2,3,0,0
35.64583,-88.9057,Property Damage,POINT (-88.9057 35.64583),0,0,2,3,0,0,0,2,2,2,2,3,0,0
35.64546,-88.90698,Property Damage,POINT (-88.90698 35.64546000000001),0,0,2,3,0,0,0,2,2,2,2,3,0,0
35.64466,-88.90891,Property Damage,POINT (-88.90891 35.64466),0,1,2,3,0,0,0,2,2,2,2,3,0,0
35.64409,-88.9119,Property Damage,POINT (-88.91190000000002 35.64409),0,1,2,3,1,0,0,2,2,4,2,3,0,0
35.64384,-88.91258,Property Damage,POINT (-88.91257999999999 35.64383999999999),0,1,2,3,1,0,0,2,2,4,2,3,0,0
35.64346,-88.91391,Property Damage,POINT (-88.91390999999999 35.643460000000005),0,1,2,3,1,0,0,2,2,4,2,3,0,0
35.64292,-88.91495,Property Damage,POINT (-88.91495 35.64292),0,1,2,3,1,0,0,2,2,4,2,3,0,0
35.64277,-88.91546,Property Damage,POINT (-88.91546000000001 35.64277),0,1,2,3,1,0,0,2,2,4,2,3,0,0
35.64251,-88.91634,Property Damage,POINT (-88.91633999999999 35.64251),0,1,2,3,1,0,0,2,2,4,2,3,0,0
35.64285,-88.91671,Property Damage,POINT (-88.91670999999998 35.64285000000001),0,1,2,3,1,0,0,2,2,4,2,3,0,0
35.64215,-88.91733,Property Damage,POINT (-88.91732999999999 35.64215),0,1,2,3,1,0,0,2,2,4,2,3,0,0
35.64207,-88.91787,Property Damage,POINT (-88.91787 35.642070000000004),0,1,2,3,1,0,0,2,2,4,2,3,0,0
35.64139,-88.92019,Property Damage,POINT (-88.92018999999999 35.64139000000001),0,1,2,3,1,0,0,2,2,4,2,3,0,0
35.64139,-88.92019,Property Damage,POINT (-88.92018999999999 35.64139000000001),0,1,2,3,1,0,0,2,2,4,2,3,0,0
35.64131,-88.92047,Property Damage,POINT (-88.92046999999998 35.64131),0,1,2,3,1,0,0,2,2,4,2,3,0,0
35.64131,-88.92047,Property Damage,POINT (-88.92046999999998 35.64131),0,1,2,3,1,0,0,2,2,4,2,3,0,0
35.64136,-88.92114,Property Damage,POINT (-88.92114 35.64135999999999),0,1,2,3,1,0,0,2,2,4,2,3,0,0
35.64136,-88.92114,Property Damage,POINT (-88.92114 35.64135999999999),0,1,2,3,1,0,0,2,2,4,2,3,0,0
35.64153,-88.92142,Property Damage,POINT (-88.92142 35.64153),0,1,2,3,1,0,0,2,2,4,2,3,0,0
35.64153,-88.92142,Property Damage,POINT (-88.92142 35.64153),0,1,2,3,1,0,0,2,2,4,2,3,0,0
35.641,-88.92177,Property Damage,POINT (-88.92177 35.64099999999999),0,1,2,3,1,0,0,2,2,4,2,3,0,0
35.64069,-88.92301,Property Damage,POINT (-88.92300999999999 35.64069),0,1,2,3,1,0,0,2,2,4,2,3,0,0
35.64036,-88.92458,Property Damage,POINT (-88.92458 35.640359999999994),0,1,2,3,1,0,0,2,2,4,2,3,0,0
35.63989,-88.92536,Property Damage,POINT (-88.92536 35.639889999999994),0,1,2,3,1,0,0,2,2,4,2,3,0,0
35.63974,-88.92589,Property Damage,POINT (-88.92589 35.639739999999996),0,1,2,3,1,0,0,2,2,4,2,3,0,0
35.63996,-88.92596,Property Damage,POINT (-88.92595999999999 35.639959999999995),0,1,2,3,1,0,0,2,2,4,2,3,0,0
35.63997,-88.92666,Property Damage,POINT (-88.92666 35.63996999999999),0,1,2,3,1,0,0,2,2,4,2,3,0,0
35.63942,-88.92698,Property Damage,POINT (-88.92698000000001 35.63942),0,1,2,3,1,0,0,2,2,4,2,3,0,0
35.63929,-88.92743,Property Damage,POINT (-88.92742999999999 35.63929),0,1,2,3,1,0,0,2,2,4,2,3,0,0
35.63918,-88.92783,Property Damage,POINT (-88.92783 35.639179999999996),0,1,2,3,1,0,0,2,2,4,2,3,0,0
35.6388,-88.92913,Property Damage,POINT (-88.92912999999999 35.638799999999996),0,1,2,3,0,0,0,2,2,4,2,3,0,0
35.63758,-88.93415,Property Damage,POINT (-88.93414999999999 35.63758),0,1,2,3,0,0,0,2,2,4,2,3,0,0
35.6373,-88.93512,Property Damage,POINT (-88.93512 35.6373),0,1,2,3,0,0,0,2,2,4,2,3,0,0
35.63723,-88.93536,Property Damage,POINT (-88.93535999999999 35.63723),0,1,2,3,0,0,0,2,2,4,2,3,0,0
35.63643,-88.93768,Property Damage,POINT (-88.93768 35.63643),0,1,2,3,0,0,0,2,2,4,2,3,0,0
35.63611,-88.93839,Property Damage,POINT (-88.93838999999998 35.63611),0,1,2,3,0,0,0,2,2,4,2,3,0,0
35.63566,-88.94083,Property Damage,POINT (-88.94082999999999 35.63566000000001),0,1,2,3,0,0,0,2,2,4,2,3,0,0
35.63566,-88.94083,Property Damage,POINT (-88.94082999999999 35.63566000000001),0,1,2,3,0,0,0,2,2,4,2,3,0,0
35.6338,-88.94588,Property Damage,POINT (-88.94588 35.63380000000001),0,1,2,3,1,0,0,2,2,4,2,3,0,0
35.63382,-88.94711,Property Damage,POINT (-88.94710999999998 35.63382),0,1,2,3,1,0,0,2,2,4,2,3,0,0
35.63278,-88.94887,Property Damage,POINT (-88.94887 35.63277999999999),0,1,2,3,1,0,0,2,2,4,2,3,0,0
35.63306,-88.94973,Property Damage,POINT (-88.94972999999999 35.63306),0,1,2,3,1,0,0,2,2,4,2,3,0,0
35.63298,-88.95018,Property Damage,POINT (-88.95017999999999 35.63298),0,1,2,3,1,0,0,2,2,4,2,3,0,0
35.63282,-88.95165,Property Damage,POINT (-88.95164999999999 35.632819999999995),0,1,2,3,1,0,0,2,2,4,2,3,0,0
35.63227,-88.95253,Property Damage,POINT (-88.95252999999998 35.632269999999984),0,1,2,3,1,0,0,2,2,4,2,3,0,0
35.6321,-88.95311,Property Damage,POINT (-88.95311 35.632099999999994),0,1,2,3,1,0,0,2,2,4,2,3,0,0
35.63208,-88.95313,Property Damage,POINT (-88.95313 35.63208),0,1,2,3,1,0,0,2,2,4,2,3,0,0
35.631,-88.956,Property Damage,POINT (-88.95599999999999 35.631),0,1,2,3,0,0,0,2,2,4,2,3,0,0
35.6309,-88.95632,Property Damage,POINT (-88.95631999999999 35.6309),0,1,2,3,0,0,0,2,2,4,2,3,0,0
35.63107,-88.9566,Property Damage,POINT (-88.95659999999998 35.63107),0,1,2,3,0,0,0,2,2,4,2,3,0,0
35.63078,-88.95675,Property Damage,POINT (-88.95675 35.63078),0,1,2,3,0,0,0,2,2,4,2,3,0,0
35.63022,-88.95865,Property Damage,POINT (-88.95865 35.630219999999994),0,1,2,3,0,0,0,2,2,4,2,3,0,0
35.6302,-88.9587,Property Damage,POINT (-88.9587 35.6302),0,1,2,3,0,0,0,2,2,4,2,3,0,0
35.63009,-88.95908,Property Damage,POINT (-88.95908 35.630089999999996),0,1,2,3,0,0,0,2,2,4,2,3,0,0
35.6299,-88.95948,Property Damage,POINT (-88.95948 35.6299),0,1,2,3,0,0,0,2,2,4,2,3,0,0
35.63003,-88.9601,Property Damage,POINT (-88.96009999999998 35.63003),0,1,2,3,0,0,0,2,2,4,2,3,0,0
35.62955,-88.96157,Property Damage,POINT (-88.96156999999998 35.62955000000001),0,1,2,3,0,0,0,2,2,4,2,3,0,0
35.62919,-88.96272,Property Damage,POINT (-88.96271999999999 35.62919),0,1,2,3,0,0,0,2,2,4,2,3,0,0
35.62908,-88.96305,Property Damage,POINT (-88.96305 35.629079999999995),0,1,2,3,0,0,0,2,2,4,2,3,0,0
35.62833,-88.96462,Property Damage,POINT (-88.96461999999998 35.62833),0,1,2,3,0,0,0,2,2,4,2,3,0,0
35.6283,-88.96569,Property Damage,POINT (-88.96569 35.6283),0,1,2,3,0,0,0,2,2,4,2,3,0,0
35.62775,-88.96721,Property Damage,POINT (-88.96720999999998 35.62775),0,1,2,3,0,0,0,2,2,4,2,3,0,0
35.62739,-88.96837,Property Damage,POINT (-88.96837 35.62739),0,1,2,3,0,0,0,2,2,4,2,3,0,0
35.62651,-88.97112,Property Damage,POINT (-88.97111999999998 35.62651),0,1,2,3,0,0,0,2,2,4,2,3,0,0
35.62641,-88.97142,Property Damage,POINT (-88.97142 35.62641),0,1,2,3,0,0,0,2,2,4,2,3,0,0
35.62591,-88.97217,Property Damage,POINT (-88.97217 35.62591),0,1,2,3,0,0,0,2,2,4,2,3,0,0
35.62592,-88.97295,Property Damage,POINT (-88.97295 35.625919999999994),0,1,2,3,0,0,0,2,2,4,2,3,0,0
35.62488,-88.97521,Property Damage,POINT (-88.97521 35.62488),0,1,2,3,0,0,0,2,2,4,2,3,0,0
35.62498,-88.97586,Property Damage,POINT (-88.97586 35.624979999999994),0,1,2,3,0,0,0,2,2,4,2,3,0,0
35.62292,-88.98155,Property Damage,POINT (-88.98154999999998 35.62291999999999),0,1,2,3,0,0,0,2,2,4,2,3,0,0
35.62283,-88.98183,Property Damage,POINT (-88.98183 35.62282999999999),0,1,2,3,0,0,0,2,2,4,2,3,0,0
35.62286,-88.9825,Property Damage,POINT (-88.9825 35.62286),0,1,2,3,0,0,0,2,2,4,2,3,0,0
35.62261,-88.98329,Property Damage,POINT (-88.98328999999998 35.622609999999995),0,1,2,3,0,0,0,2,2,4,2,3,0,0
35.62188,-88.98556,Property Damage,POINT (-88.98556 35.62188),0,1,2,3,0,0,0,2,2,4,2,3,0,0
35.62134,-88.98723,Property Damage,POINT (-88.98722999999998 35.62134),0,1,2,3,0,0,0,2,2,4,2,3,0,0
35.62087,-88.98794,Property Damage,POINT (-88.98793999999998 35.62086999999999),0,1,2,3,0,0,0,2,2,4,2,3,0,0
35.62088,-88.98867,Property Damage,POINT (-88.98867 35.62087999999999),0,1,2,3,0,0,0,2,2,4,2,3,0,0
35.62052,-88.98903,Property Damage,POINT (-88.98903 35.620520000000006),0,1,2,3,0,0,0,2,2,4,2,3,0,0
35.61978,-88.99132,Property Damage,POINT (-88.99132 35.61977999999999),0,1,2,3,0,0,0,2,2,4,2,3,0,0
35.61996,-88.99141,Property Damage,POINT (-88.99141 35.61995999999999),0,1,2,3,0,0,0,2,2,4,2,3,0,0
35.6197,-88.99159,Property Damage,POINT (-88.99158999999999 35.6197),0,1,2,3,0,0,0,2,2,4,2,3,0,0
35.61977,-88.99212,Property Damage,POINT (-88.99211999999999 35.61977),0,1,2,3,0,0,0,2,2,4,2,3,0,0
35.61904,-88.99365,Property Damage,POINT (-88.99364999999999 35.61903999999999),0,1,2,3,0,0,0,2,2,4,2,3,0,0
35.61839,-88.99557,Property Damage,POINT (-88.99556999999999 35.61838999999999),0,1,2,3,0,0,0,2,2,4,2,3,0,0
35.61839,-88.99567,Property Damage,POINT (-88.99566999999999 35.61838999999999),0,1,2,3,0,0,0,2,2,4,2,3,0,0
35.61813,-88.99648,Property Damage,POINT (-88.99647999999999 35.61813000000001),0,1,2,3,0,0,0,2,2,4,2,3,0,0
35.61653,-89.00224,Property Damage,POINT (-89.00223999999999 35.61652999999999),0,1,2,3,0,0,0,2,2,4,2,3,0,0
35.61594,-89.00312,Property Damage,POINT (-89.00312 35.615939999999995),0,1,2,3,0,0,0,2,2,4,2,3,0,0
35.61603,-89.00382,Property Damage,POINT (-89.00381999999999 35.61603),0,1,2,3,0,0,0,2,2,4,2,3,0,0
35.61572,-89.00397,Property Damage,POINT (-89.00397 35.61572000000001),0,1,2,3,0,0,0,2,2,4,2,3,0,0
35.61531,-89.00526,Property Damage,POINT (-89.00525999999999 35.615309999999994),0,1,2,3,0,0,0,2,2,4,2,3,0,0
35.61481,-89.00683,Property Damage,POINT (-89.00682999999998 35.61481),0,1,2,3,0,0,0,2,2,4,2,3,0,0
35.615,-89.007,Property Damage,POINT (-89.00699999999999 35.61500000000001),0,1,2,3,0,0,0,2,2,4,2,3,0,0
35.6147,-89.00794,Property Damage,POINT (-89.00793999999999 35.61469999999999),0,1,2,3,0,0,0,2,2,4,2,3,0,0
35.61427,-89.00849,Property Damage,POINT (-89.00849 35.61427),0,1,2,3,0,0,0,2,2,4,2,3,0,0
35.61444,-89.00877,Property Damage,POINT (-89.00876999999998 35.61444),0,1,2,3,0,0,0,2,2,4,2,3,0,0
35.61356,-89.01071,Property Damage,POINT (-89.01071 35.61356000000001),0,1,2,3,0,0,0,2,2,4,2,3,0,0
35.61312,-89.01208,Property Damage,POINT (-89.01208 35.613119999999995),0,1,2,3,0,0,0,2,2,4,2,3,0,0
35.61336,-89.01212,Property Damage,POINT (-89.01211999999998 35.61335999999999),0,1,2,3,0,0,0,2,2,4,2,3,0,0
35.61303,-89.01237,Property Damage,POINT (-89.01236999999999 35.61303000000001),0,1,2,3,0,0,0,2,2,4,2,3,0,0
35.61245,-89.01494,Property Damage,POINT (-89.01494 35.61245),0,1,2,3,0,0,0,2,2,4,2,3,0,0
35.61196,-89.01568,Property Damage,POINT (-89.01568 35.61196),0,1,2,3,0,0,0,2,2,4,2,3,0,0
35.61147,-89.01724,Property Damage,POINT (-89.01724 35.61147),0,1,2,3,0,0,0,2,2,4,2,3,0,0
35.61136,-89.01759,Property Damage,POINT (-89.01758999999998 35.61136),0,1,2,3,0,0,0,2,2,4,2,3,0,0
35.61132,-89.0177,Property Damage,POINT (-89.0177 35.611320000000006),0,1,2,3,0,0,0,2,2,4,2,3,0,0
35.61111,-89.01831,Property Damage,POINT (-89.01831 35.61110999999999),0,1,2,3,0,0,0,2,2,4,2,3,0,0
35.61065,-89.01971,Property Damage,POINT (-89.01971 35.61065),0,1,2,3,0,0,0,2,2,4,2,3,0,0
35.6106,-89.01979,Property Damage,POINT (-89.01979 35.6106),0,1,2,3,0,0,0,2,2,4,2,3,0,0
35.61057,-89.0204,Property Damage,POINT (-89.0204 35.61057),0,1,2,3,0,0,0,2,2,4,2,3,0,0
35.60995,-89.02206,Property Damage,POINT (-89.02205999999998 35.60994999999999),0,1,2,3,0,0,0,2,2,4,2,3,0,0
35.60926,-89.02394,Property Damage,POINT (-89.02394 35.60925999999999),0,1,2,3,0,0,0,2,2,4,2,3,0,0
35.60861,-89.0248,Property Damage,POINT (-89.0248 35.60861),0,1,2,3,0,0,0,2,2,4,2,3,0,0
35.60853,-89.025,Property Damage,POINT (-89.025 35.60853),2,0,2,3,0,0,0,2,2,4,2,3,0,0
35.60861,-89.02511,Property Damage,POINT (-89.02510999999998 35.60861),2,0,2,3,0,0,0,2,2,4,2,3,0,0
35.60844,-89.02589,Property Damage,POINT (-89.02588999999999 35.60843999999999),2,0,2,3,0,0,0,2,2,4,2,3,0,0
35.60769,-89.02784,Property Damage,POINT (-89.02784000000001 35.60768999999999),1,1,2,3,0,0,0,2,2,4,2,3,0,0
35.60656,-89.03004,Property Damage,POINT (-89.03004 35.606559999999995),0,1,2,3,0,0,0,2,2,4,2,3,0,0
35.60631,-89.03134,Property Damage,POINT (-89.03133999999999 35.60631),0,1,2,3,0,0,0,2,2,4,2,3,0,0
35.60604,-89.03135,Property Damage,POINT (-89.03135 35.60603999999999),0,1,2,3,0,0,0,2,2,4,2,3,0,0
35.60596,-89.03224,Property Damage,POINT (-89.03224 35.605959999999996),0,1,2,3,0,0,0,2,2,4,2,3,0,0
35.60443,-89.0361,Property Damage,POINT (-89.03609999999999 35.604429999999994),0,1,2,3,0,0,0,2,2,4,2,3,0,0
35.60405,-89.03641,Property Damage,POINT (-89.03641 35.60405),0,1,2,3,0,0,0,2,2,4,2,3,0,0
35.60339,-89.03838,Property Damage,POINT (-89.03838 35.60339),0,1,2,3,0,0,0,2,2,4,2,3,0,0
35.60323,-89.03848,Property Damage,POINT (-89.03848 35.603229999999996),0,1,2,3,0,0,0,2,2,4,2,3,0,0
35.60331,-89.03895,Property Damage,POINT (-89.03894999999999 35.60331),0,1,2,3,0,0,0,2,2,4,2,3,0,0
35.60261,-89.04005,Property Damage,POINT (-89.04004999999998 35.60261),0,1,2,3,0,0,0,2,2,4,2,3,0,0
35.60265,-89.04063,Property Damage,POINT (-89.04063 35.60265),0,0,2,3,0,0,0,2,2,4,2,3,0,0
35.60223,-89.04103,Property Damage,POINT (-89.04102999999999 35.60223),0,0,2,3,0,0,0,2,2,4,2,3,0,0
35.60243,-89.0412,Property Damage,POINT (-89.0412 35.60243),0,0,2,3,0,0,0,2,2,4,2,3,0,0
35.60209,-89.04204,Property Damage,POINT (-89.04203999999999 35.60209),0,0,2,3,0,0,0,2,2,4,2,3,0,0
35.60208,-89.04207,Property Damage,POINT (-89.04207 35.60208),0,0,2,3,0,0,0,2,2,4,2,3,0,0
35.60198,-89.04234,Property Damage,POINT (-89.04233999999998 35.60197999999999),0,0,2,3,0,0,0,2,2,4,2,3,0,0
35.60152,-89.04351,Property Damage,POINT (-89.04350999999998 35.60152000000001),0,0,2,3,0,0,0,2,2,4,2,3,0,0
35.60073,-89.04553,Property Damage,POINT (-89.04553 35.600730000000006),0,0,2,3,0,0,0,2,2,4,2,3,0,0