Latitude,Longitude,Crash Type,geometry,Presence of guardrails,Cable barriers,Rumble strips,Pavement condition,Proximity to highway entrances and exits,Urban vs. rural environment,Surrounding natural features,Number of lanes,Shoulder type and width,Posted speed limit,Presence and type of median or divider,Lane markings and signage visibility,Nighttime lighting and visibility,Injurious
35.60071,-89.04558,Property Damage,POINT (-89.04558 35.60071),0,0,2,3,0,0,0,2,2,4,2,3,0,0
35.60057,-89.04594,Property Damage,POINT (-89.04593999999999 35.600570000000005),0,0,2,3,0,0,0,2,2,4,2,3,0,0
35.59991,-89.04763,Property Damage,POINT (-89.04762999999998 35.59991),0,0,2,3,0,0,0,2,2,4,2,3,0,0
35.59958,-89.04779,Property Damage,POINT (-89.04778999999999 35.599579999999996),0,0,2,3,1,0,0,2,2,4,2,3,0,0
35.59922,-89.04881,Property Damage,POINT (-89.04881 35.599219999999995),0,0,2,3,1,0,0,2,2,4,2,3,0,0
35.59892,-89.04951,Property Damage,POINT (-89.04951 35.59891999999999),0,0,2,3,1,0,0,2,2,4,2,3,0,0
35.59891,-89.05018,Property Damage,POINT (-89.05017999999998 35.59891),0,0,2,3,1,0,0,2,2,4,2,3,0,0
35.59885,-89.05033,Property Damage,POINT (-89.05032999999999 35.59885),0,0,2,3,1,0,0,2,2,4,2,3,0,0
35.59746,-89.05388,Property Damage,POINT (-89.05387999999999 35.59746),0,0,2,3,1,0,0,2,2,4,2,3,0,0
35.59738,-89.05407,Property Damage,POINT (-89.05406999999998 35.597379999999994),0,0,2,3,1,0,0,2,2,4,2,3,0,0
35.59679,-89.05471,Property Damage,POINT (-89.05471 35.59679),0,0,2,3,1,0,0,2,2,4,2,3,0,0
35.59629,-89.05472,Property Damage,POINT (-89.05472 35.596289999999996),0,0,2,3,1,0,0,2,2,4,2,3,0,0
35.59626,-89.05477,Property Damage,POINT (-89.05477 35.596259999999994),0,0,2,3,1,0,0,2,2,4,2,3,0,0
35.59631,-89.05478,Property Damage,POINT (-89.05477999999998 35.596309999999995),0,0,2,3,1,0,0,2,2,4,2,3,0,0
35.59702,-89.05501,Property Damage,POINT (-89.05500999999998 35.59702),0,0,2,3,1,0,0,2,2,4,2,3,0,0
35.59617,-89.05644,Property Damage,POINT (-89.05644 35.596169999999994),0,0,2,3,1,0,0,2,2,4,2,3,0,0
35.59555,-89.0566,Property Damage,POINT (-89.05660000000002 35.595549999999996),0,0,2,3,1,0,0,2,2,4,2,3,0,0
35.5956,-89.05668,Property Damage,POINT (-89.05667999999999 35.59559999999999),0,0,2,3,1,0,0,2,2,4,2,3,0,0
35.59599,-89.05699,Property Damage,POINT (-89.05699 35.59598999999999),0,0,2,3,1,0,0,2,2,4,2,3,0,0
35.59574,-89.05762,Property Damage,POINT (-89.05761999999999 35.59574),0,0,2,3,1,0,0,2,2,4,2,3,0,0
35.59563,-89.0579,Property Damage,POINT (-89.05790000000002 35.59563),0,0,2,3,1,0,0,2,2,4,2,3,0,0
35.59558,-89.05869,Property Damage,POINT (-89.05869 35.59557999999999),0,0,2,3,1,0,0,2,2,4,2,3,0,0
35.59526,-89.05887,Property Damage,POINT (-89.05887 35.59526),0,0,2,3,1,0,0,2,2,4,2,3,0,0
35.59488,-89.05994,Property Damage,POINT (-89.05993999999998 35.59488),0,0,2,3,MC,0,0,2,2,4,2,3,0,0
35.59511,-89.06004,Serious Injury,POINT (-89.06004 35.595110000000005),0,0,2,3,0,0,0,2,2,4,2,3,0,1
35.59499,-89.0604,Property Damage,POINT (-89.0604 35.594989999999996),0,0,2,3,0,0,0,2,2,4,2,3,0,0
35.59491,-89.06063,Property Damage,POINT (-89.06063 35.59491),0,0,2,3,0,0,0,2,2,4,2,3,0,0
35.59491,-89.06065,Property Damage,POINT (-89.06064999999998 35.59491),0,0,2,3,0,0,0,2,2,4,2,3,0,0
35.59439,-89.0624,Property Damage,POINT (-89.0624 35.59438999999999),0,0,2,3,0,0,0,2,2,4,2,3,0,0
35.59415,-89.06321,Property Damage,POINT (-89.06320999999998 35.59415),0,0,2,3,0,0,0,2,2,4,2,3,0,0
35.59397,-89.06379,Property Damage,POINT (-89.06378999999998 35.59396999999999),0,0,2,3,0,0,0,2,2,4,2,3,0,0
35.59361,-89.06422,Property Damage,POINT (-89.06421999999999 35.59360999999999),1,0,2,3,0,0,1,2,2,4,2,3,0,0
35.59364,-89.06495,Property Damage,POINT (-89.06494999999998 35.59364),1,0,2,3,0,0,1,2,2,4,2,3,0,0
35.59277,-89.06705,Property Damage,POINT (-89.06705 35.59277),0,0,2,3,0,0,1,2,2,4,2,3,0,0
35.59284,-89.06764,Property Damage,POINT (-89.06764 35.592839999999995),0,0,2,3,0,0,1,2,2,4,2,3,0,0
35.59218,-89.06987,Property Damage,POINT (-89.06987 35.59218),0,0,2,3,0,0,1,2,2,4,2,3,0,0
35.59198,-89.07011,Property Damage,POINT (-89.07010999999999 35.59198000000001),0,0,2,3,0,0,1,2,2,4,2,3,0,0
35.5921,-89.07014,Property Damage,POINT (-89.07014 35.592099999999995),0,0,2,3,0,0,1,2,2,4,2,3,0,0
35.81786,-88.18437,Injury,POINT (-88.18437 35.81785999999999),none,none,none,none,0,none,none,none,none,none,none,none,none,1
35.81659,-88.19444,Injury,POINT (-88.19443999999999 35.81659),none,none,none,none,0,none,none,none,none,none,none,none,none,1
35.81595,-88.19869,Serious Injury,POINT (-88.19869 35.81595),1,0,2,2,0,0,0,2,2,4,2,2,0,1
35.81507,-88.20522,Serious Injury,POINT (-88.20522 35.81507),0,0,2,2,0,0,0,2,2,4,2,2,0,1
35.81468,-88.20592,Injury,POINT (-88.20591999999999 35.81468),0,0,2,2,0,0,0,2,2,4,2,2,0,1
35.81499,-88.20634,Serious Injury,POINT (-88.20634 35.814989999999995),2,0,2,2,0,0,0,2,2,4,4,2,0,1
35.81493,-88.2084,Injury,POINT (-88.20839999999998 35.81493),2,0,2,2,0,0,0,2,2,4,4,2,0,1
35.81502,-88.21182,Injury,POINT (-88.21182 35.81502),0,0,2,2,0,0,0,2,2,4,2,2,0,1
35.81452,-88.21877,Injury,POINT (-88.21876999999999 35.81452),0,0,2,2,0,0,0,2,2,4,2,2,0,1
35.81452,-88.21879,Injury,POINT (-88.21879 35.81452),0,0,2,2,0,0,0,2,2,4,2,2,0,1
35.81473,-88.21935,Injury,POINT (-88.21935 35.81472999999999),0,0,2,2,0,0,0,2,2,4,2,2,0,1
35.81458,-88.2194,Injury,POINT (-88.21939999999998 35.81458),0,0,2,2,0,0,0,2,2,4,2,2,0,1
35.81508,-88.22346,Injury,POINT (-88.22346 35.815079999999995),2,0,2,2,0,0,0,2,2,4,4,2,0,1
35.81811,-88.25492,Injury,POINT (-88.25492 35.81811),0,0,2,2,MC,0,0,2,2,4,4,2,0,1
35.8184,-88.26421,Injury,POINT (-88.26421 35.8184),1,1,2,2,0,0,0,2,2,4,4,2,0,1
35.81747,-88.26883,Injury,POINT (-88.26883 35.81746999999999),1,1,2,4,0,0,0,2,2,4,4,2,0,1
35.81731,-88.26954,Injury,POINT (-88.26954 35.81731),1,1,2,4,0,0,0,2,2,4,4,2,0,1
35.81675,-88.27196,Serious Injury,POINT (-88.27196 35.81675),1,1,2,4,0,0,0,2,2,4,4,2,0,1
35.81591,-88.27571,Injury,POINT (-88.27570999999999 35.81591),0,1,2,4,0,0,0,2,2,4,4,2,0,1
35.81616,-88.27576,Serious Injury,POINT (-88.27575999999999 35.816159999999996),0,1,2,4,0,0,0,2,2,4,4,2,0,1
35.81353,-88.28638,Injury,POINT (-88.28638 35.81352999999999),1,1,2,3,0,0,0,2,2,4,4,2,0,1
35.81312,-88.28921,Injury,POINT (-88.28920999999998 35.81312),0,1,2,3,0,0,0,2,2,4,4,2,0,1
35.81305,-88.28952,Injury,POINT (-88.28952 35.81305),0,1,2,3,0,0,0,2,2,4,4,2,0,1
35.81286,-88.28984,Serious Injury,POINT (-88.28984 35.81286),0,1,2,3,0,0,0,2,2,4,4,2,0,1
35.81266,-88.29136,Injury,POINT (-88.29135999999998 35.81266),0,1,2,3,0,0,0,2,2,4,4,2,0,1
35.81072,-88.2989,Serious Injury,POINT (-88.29889999999999 35.81072),0,1,2,3,0,0,0,2,2,4,4,2,0,1
35.80964,-88.30374,Serious Injury,POINT (-88.30374 35.80964),0,1,2,3,0,0,0,2,2,4,4,2,0,1
35.80888,-88.30686,Injury,POINT (-88.30686 35.80888),0,0,2,3,0,0,0,2,2,4,2,2,0,1
35.80825,-88.30976,Injury,POINT (-88.30975999999998 35.80825),0,0,2,3,0,0,0,2,2,4,4,2,0,1
35.80225,-88.33417,Injury,POINT (-88.33417 35.802249999999994),0,0,2,3,0,0,0,2,2,4,2,2,0,1
35.8018,-88.33478,Injury,POINT (-88.33477999999998 35.8018),0,0,2,3,0,0,0,2,2,4,2,2,0,1
35.80169,-88.33787,Injury,POINT (-88.33787 35.801689999999994),0,0,2,3,0,0,0,2,2,4,2,MC,0,1
35.8014,-88.34023,Injury,POINT (-88.34022999999999 35.8014),0,0,2,3,0,0,0,2,2,4,2,1,0,1
35.80072,-88.34674,Injury,POINT (-88.34673999999998 35.80072),2,0,2,3,0,0,0,2,2,4,3,1,0,1
35.80082,-88.34682,Injury,POINT (-88.34682 35.80082),2,0,2,3,0,0,0,2,2,4,3,1,0,1
35.80046,-88.34687,Injury,POINT (-88.34687000000001 35.80046),2,0,2,3,0,0,0,2,2,4,3,1,0,1
35.80048,-88.34839,Injury,POINT (-88.34838999999998 35.80048),0,0,2,3,0,0,0,2,2,4,3,1,0,1
35.79986,-88.35278,Injury,POINT (-88.35278 35.79986),0,0,2,3,0,0,0,2,2,4,2,3,0,1
35.7991,-88.35802,Injury,POINT (-88.35801999999998 35.7991),0,0,2,3,0,0,0,2,2,4,2,3,0,1
35.79766,-88.36382,Injury,POINT (-88.36382 35.79765999999999),0,0,2,3,none,0,0,3,2,4,2,3,0,1
35.79647,-88.36704,Injury,POINT (-88.36703999999999 35.79646999999999),0,0,2,3,none,0,0,3,2,4,2,3,0,1
35.79556,-88.36869,Injury,POINT (-88.36868999999999 35.79556),1,0,2,3,none,0,0,3,2,4,2,3,0,1
35.79313,-88.37507,Injury,POINT (-88.37507 35.79312999999999),0,0,2,3,none,0,0,3,2,4,2,3,0,1
35.79335,-88.37517,Injury,POINT (-88.37517 35.79335),0,0,2,3,none,0,0,3,2,4,2,3,0,1
35.78988,-88.39021,Injury,POINT (-88.39020999999998 35.78988),0,0,2,3,1,0,0,3,2,4,2,3,1,1
35.78864,-88.39179,Injury,POINT (-88.39178999999999 35.78864),1,0,2,3,1,0,0,3,2,4,2,3,1,1
35.78759,-88.399,Serious Injury,POINT (-88.39899999999999 35.78758999999999),0,0,2,3,0,0,0,3,2,4,2,3,0,1
35.78203,-88.41401,Injury,POINT (-88.41400999999999 35.78202999999999),0,0,2,3,0,0,0,3,2,4,2,3,0,1
35.78078,-88.41737,Injury,POINT (-88.41737 35.780779999999986),1,0,2,3,0,0,0,3,2,4,2,3,0,1
35.77896,-88.42154,Injury,POINT (-88.42154 35.77895999999999),0,0,2,3,0,0,0,3,2,4,2,3,0,1
35.77809,-88.42461,Injury,POINT (-88.42461 35.77808999999999),0,0,2,3,0,0,0,3,2,4,2,3,0,1
35.77803,-88.42471,Injury,POINT (-88.42470999999999 35.778029999999994),0,0,2,3,0,0,0,3,2,4,2,3,0,1
35.77558,-88.43136,Injury,POINT (-88.43136 35.77557999999999),1,0,2,3,0,0,0,3,2,4,2,3,0,1
35.7742,-88.43504,Serious Injury,POINT (-88.43503999999999 35.7742),0,0,2,3,0,0,0,3,2,4,2,3,0,1
35.76905,-88.45466,Injury,POINT (-88.45466 35.76904999999999),0,0,2,3,0,0,0,3,2,4,2,3,0,1
35.76713,-88.46129,Injury,POINT (-88.46129 35.76713),0,0,2,3,0,0,0,3,2,4,2,3,0,1
35.76649,-88.46477,Injury,POINT (-88.46477 35.766490000000005),0,0,2,3,0,0,0,3,2,4,2,3,0,1
35.76548,-88.46817,Serious Injury,POINT (-88.46817 35.76547999999999),0,0,2,3,0,0,0,3,2,4,2,3,0,1
35.76245,-88.47971,Injury,POINT (-88.47971 35.762449999999994),0,0,2,3,0,0,4,3,2,4,2,3,0,1
35.75717,-88.50128,Injury,POINT (-88.50128 35.757169999999995),1,0,2,3,0,0,4,3,2,4,2,3,0,1
35.757,-88.50203,Injury,POINT (-88.50203 35.75699999999999),1,0,2,3,0,0,4,3,2,4,2,3,0,1
35.75403,-88.51727,Serious Injury,POINT (-88.51727 35.75403),0,2,2,3,1,0,1,3,2,4,2,3,0,1
35.75306,-88.523,Injury,POINT (-88.523 35.75305999999999),0,2,2,3,0,0,1,3,2,4,2,3,0,1
35.75222,-88.5264,Injury,POINT (-88.52639999999998 35.75222),0,2,2,3,0,0,1,3,2,4,2,3,0,1
35.75153,-88.53185,Serious Injury,POINT (-88.53184999999999 35.75153000000001),0,2,2,3,0,0,1,3,2,4,2,3,0,1
35.74892,-88.54551,Injury,POINT (-88.54550999999998 35.74892),0,0,2,3,0,0,1,3,2,4,2,3,0,1
35.74884,-88.54741,Injury,POINT (-88.54740999999999 35.748839999999994),0,0,2,3,0,0,1,3,2,4,2,3,0,1
35.74761,-88.55454,Injury,POINT (-88.55454 35.747609999999995),1,0,2,3,0,0,1,3,2,4,2,3,0,1
35.74682,-88.55771,Injury,POINT (-88.55771 35.74682),0,0,2,1,0,0,0,2,2,4,2,2,0,1
35.74646,-88.56127,Injury,POINT (-88.56126999999998 35.74645999999999),0,0,2,1,0,0,0,2,2,4,2,2,0,1
35.74183,-88.5744,Injury,POINT (-88.57439999999998 35.74182999999999),1,0,2,1,0,0,0,2,2,4,2,2,0,1
35.73422,-88.5893,Injury,POINT (-88.58929999999998 35.73422),0,0,2,1,0,0,0,2,2,4,2,2,0,1
35.72966,-88.59744,Serious Injury,POINT (-88.59744 35.729659999999996),0,0,2,1,0,0,0,2,2,4,2,2,0,1
35.72827,-88.60104,Serious Injury,POINT (-88.60103999999998 35.728269999999995),1,0,2,1,0,0,0,2,2,4,2,2,0,1
35.72821,-88.60155,Injury,POINT (-88.60154999999999 35.72820999999999),1,0,2,1,0,0,0,2,2,4,2,2,0,1
35.72724,-88.60426,Injury,POINT (-88.60426 35.727239999999995),1,0,2,1,0,0,0,2,2,4,2,2,0,1
35.72703,-88.60495,Serious Injury,POINT (-88.60495 35.727030000000006),1,0,2,1,0,0,0,2,2,4,2,2,0,1
35.7268,-88.60649,Serious Injury,POINT (-88.60649 35.72679999999998),1,0,2,1,0,0,0,2,2,4,2,2,0,1
35.72612,-88.60791,Serious Injury,POINT (-88.60791 35.72612000000001),1,0,2,1,0,0,0,2,2,4,2,2,0,1
35.72612,-88.60791,Serious Injury,POINT (-88.60791 35.72612000000001),1,0,2,1,0,0,0,2,2,4,2,2,0,1
35.72332,-88.61772,Injury,POINT (-88.61771999999999 35.72331999999999),1,0,2,1,0,0,0,2,2,4,2,2,0,1
35.72231,-88.62098,Injury,POINT (-88.62097999999999 35.72231),0,0,2,1,0,0,0,2,2,4,2,2,0,1
35.71854,-88.6332,Injury,POINT (-88.6332 35.71854),0,1,2,1,1,0,0,2,4,4,2,2,0,1
35.71747,-88.63408,Injury,POINT (-88.63408 35.71746999999999),0,1,2,1,1,0,0,2,4,4,2,2,0,1
35.71726,-88.63411,Injury,POINT (-88.63411 35.71726),0,1,2,1,1,0,0,2,4,4,2,2,0,1
35.71796,-88.63412,Injury,POINT (-88.63412 35.71796),0,1,2,1,1,0,0,2,4,4,2,2,0,1
35.71878,-88.63414,Injury,POINT (-88.63414 35.71878),0,1,2,1,1,0,0,2,4,4,2,2,0,1
35.71874,-88.63429,Injury,POINT (-88.63429 35.71873999999999),0,1,2,1,1,0,0,2,4,4,2,2,0,1
35.71746,-88.63432,Injury,POINT (-88.63432 35.71746),0,1,2,1,1,0,0,2,4,4,2,2,0,1
35.7173,-88.63581,Serious Injury,POINT (-88.63581 35.7173),0,1,2,1,1,0,0,2,4,4,2,2,0,1
35.717,-88.63809,Injury,POINT (-88.63809 35.717),0,1,2,1,1,0,0,2,4,4,2,2,0,1
35.71596,-88.64067,Injury,POINT (-88.64067 35.71596),0,0,2,1,0,0,0,2,2,4,2,2,0,1
35.7157,-88.64151,Injury,POINT (-88.64150999999998 35.715699999999984),0,0,2,1,0,0,0,2,2,4,2,2,0,1
35.71582,-88.64194,Serious Injury,POINT (-88.64193999999999 35.715819999999994),0,0,2,1,0,0,0,2,2,4,2,2,0,1
35.71574,-88.64215,Serious Injury,POINT (-88.64214999999999 35.71574),0,0,2,1,0,0,0,2,2,4,2,2,0,1
35.71495,-88.64473,Injury,POINT (-88.64473 35.71495),0,0,2,1,0,0,0,2,2,4,2,2,0,1
35.71423,-88.64706,Serious Injury,POINT (-88.64706 35.714229999999986),0,0,2,1,0,0,0,2,2,4,2,2,0,1
35.71172,-88.65437,Injury,POINT (-88.65437 35.71172),0,0,2,1,0,0,0,2,2,4,2,2,0,1
35.71169,-88.65444,Injury,POINT (-88.65444 35.71169),0,0,2,1,0,0,0,2,2,4,2,2,0,1
35.71023,-88.65997,Injury,POINT (-88.65996999999999 35.71023),1,0,2,1,0,0,0,2,2,4,2,2,0,1
35.70914,-88.66271,Injury,POINT (-88.66271 35.709140000000005),0,0,2,1,0,0,0,2,2,4,2,2,0,1
35.70841,-88.66508,Injury,POINT (-88.66507999999999 35.70841),0,0,2,1,0,0,0,2,2,4,2,2,0,1
35.70519,-88.67358,Injury,POINT (-88.67357999999999 35.705189999999995),0,0,2,1,0,0,0,2,2,4,2,2,0,1
35.70215,-88.68205,Injury,POINT (-88.68205 35.70215),0,0,2,1,0,0,0,2,2,4,2,2,0,1
35.69851,-88.69142,Injury,POINT (-88.69142 35.698510000000006),1,0,2,1,0,0,0,2,2,4,2,2,0,1
35.6932,-88.70507,Injury,POINT (-88.70507000000002 35.6932),1,0,2,1,0,0,0,2,2,4,2,2,0,1
35.69251,-88.70617,Injury,POINT (-88.70616999999999 35.69251),0,1,2,3,0,0,0,2,2,4,2,3,0,1
35.69263,-88.70656,Injury,POINT (-88.70656 35.692629999999994),0,1,2,3,0,0,0,2,2,4,2,3,0,1
35.69104,-88.70997,Serious Injury,POINT (-88.70996999999998 35.69104),0,1,2,3,0,0,0,2,2,4,2,3,0,1
35.69076,-88.71153,Injury,POINT (-88.71152999999998 35.69075999999999),0,1,2,3,0,0,0,2,2,4,2,3,0,1
35.68415,-88.72649,Injury,POINT (-88.72648999999998 35.68415),1,0,2,3,0,0,0,2,2,4,2,3,0,1
35.65058,-88.89023,Injury,POINT (-88.89023 35.65057999999999),1,0,2,3,0,0,0,2,2,2,2,3,0,1
35.65071,-88.89056,Injury,POINT (-88.89056 35.65070999999999),1,0,2,3,0,0,0,2,2,2,2,3,0,1
35.65044,-88.89125,Injury,POINT (-88.89124999999999 35.650439999999996),1,0,2,3,0,0,0,2,2,2,2,3,0,1
35.64764,-88.89864,Injury,POINT (-88.89864 35.64763999999999),1,0,2,3,0,0,0,2,2,2,2,3,0,1
35.64722,-88.90009,Injury,POINT (-88.90009 35.64721999999999),1,0,2,3,0,0,0,2,2,2,2,3,0,1
35.64696,-88.90099,Injury,POINT (-88.90099 35.64696),1,0,2,3,0,0,0,2,2,2,2,3,0,1
35.64522,-88.90802,Injury,POINT (-88.90802 35.645219999999995),0,0,2,3,0,0,0,2,2,2,2,3,0,1
35.64486,-88.90823,Injury,POINT (-88.90822999999999 35.64486),0,0,2,3,0,0,0,2,2,2,2,3,0,1
35.64394,-88.91142,Serious Injury,POINT (-88.91142 35.64394),0,1,2,3,0,0,0,2,2,4,2,3,0,1
35.64346,-88.91305,Injury,POINT (-88.91305 35.643460000000005),0,1,2,3,1,0,0,2,2,4,2,3,0,1
35.64341,-88.91408,Injury,POINT (-88.91408 35.643409999999996),0,1,2,3,1,0,0,2,2,4,2,3,0,1
35.64122,-88.92117,Serious Injury,POINT (-88.92117 35.64122),0,1,2,3,1,0,0,2,2,4,2,3,0,1
35.64122,-88.92117,Serious Injury,POINT (-88.92117 35.64122),0,1,2,3,1,0,0,2,2,4,2,3,0,1
35.64058,-88.92154,Injury,POINT (-88.92153999999998 35.640579999999986),0,1,2,3,1,0,0,2,2,4,2,3,0,1
35.64059,-88.92171,Injury,POINT (-88.92171 35.64058999999999),0,1,2,3,1,0,0,2,2,4,2,3,0,1
35.63946,-88.92685,Injury,POINT (-88.92685 35.63946),0,1,2,3,1,0,0,2,2,4,2,3,0,1
35.63822,-88.93111,Injury,POINT (-88.93111 35.63822),0,1,2,3,0,0,0,2,2,4,2,3,0,1
35.63795,-88.93286,Injury,POINT (-88.93285999999999 35.63795),0,1,2,3,0,0,0,2,2,4,2,3,0,1
35.63691,-88.93645,Injury,POINT (-88.93645 35.63690999999999),0,1,2,3,0,0,0,2,2,4,2,3,0,1
35.63595,-88.93896,Injury,POINT (-88.93895999999998 35.635949999999994),0,1,2,3,0,0,0,2,2,4,2,3,0,1
35.631,-88.956,Injury,POINT (-88.95599999999999 35.631),0,1,2,3,0,0,0,2,2,4,2,3,0,1
35.62873,-88.96413,Injury,POINT (-88.96413 35.628730000000004),0,1,2,3,0,0,0,2,2,4,2,3,0,1
35.62876,-88.96426,Injury,POINT (-88.96426 35.62875999999999),0,1,2,3,0,0,0,2,2,4,2,3,0,1
35.6278,-88.96693,Injury,POINT (-88.96693 35.6278),0,1,2,3,0,0,0,2,2,4,2,3,0,1
35.62584,-88.97237,Injury,POINT (-88.97236999999998 35.62584),0,1,2,3,0,0,0,2,2,4,2,3,0,1
35.62595,-88.97284,Injury,POINT (-88.97283999999999 35.62595),0,1,2,3,0,0,0,2,2,4,2,3,0,1
35.62495,-88.9752,Injury,POINT (-88.97519999999999 35.62494999999999),0,1,2,3,0,0,0,2,2,4,2,3,0,1
35.62309,-88.98103,Injury,POINT (-88.98103 35.62309),0,1,2,3,0,0,0,2,2,4,2,3,0,1
35.62273,-88.98213,Injury,POINT (-88.98213 35.62273),0,1,2,3,0,0,0,2,2,4,2,3,0,1
35.62192,-88.98543,Injury,POINT (-88.98542999999998 35.62192000000001),0,1,2,3,0,0,0,2,2,4,2,3,0,1
35.62185,-88.98564,Injury,POINT (-88.98564 35.621849999999995),0,1,2,3,0,0,0,2,2,4,2,3,0,1
35.62082,-88.98893,Serious Injury,POINT (-88.98892999999998 35.62082),0,1,2,3,0,0,0,2,2,4,2,3,0,1
35.6197,-88.99159,Injury,POINT (-88.99158999999999 35.6197),0,1,2,3,0,0,0,2,2,4,2,3,0,1
35.61808,-88.99819,Injury,POINT (-88.99818999999998 35.61807999999999),0,1,2,3,0,0,0,2,2,4,2,3,0,1
35.61714,-89.00035,Injury,POINT (-89.00035 35.61714),0,1,2,3,0,0,0,2,2,4,2,3,0,1
35.61668,-89.00176,Injury,POINT (-89.00176 35.61668),0,1,2,3,0,0,0,2,2,4,2,3,0,1
35.61446,-89.00794,Injury,POINT (-89.00793999999999 35.61445999999999),0,1,2,3,0,0,0,2,2,4,2,3,0,1
35.61158,-89.01689,Injury,POINT (-89.01689 35.61158),0,1,2,3,0,0,0,2,2,4,2,3,0,1
35.61083,-89.0191,Injury,POINT (-89.0191 35.61083),0,1,2,3,0,0,0,2,2,4,2,3,0,1
35.61079,-89.01992,Injury,POINT (-89.01992 35.610789999999994),0,1,2,3,0,0,0,2,2,4,2,3,0,1
35.60909,-89.0236,Injury,POINT (-89.0236 35.609089999999995),0,1,2,3,0,0,0,2,2,4,2,3,0,1
35.60775,-89.02762,Injury,POINT (-89.02762 35.607749999999996),1,1,2,3,0,0,0,2,2,4,2,3,0,1
35.60479,-89.03518,Injury,POINT (-89.03518 35.604789999999994),0,1,2,3,0,0,0,2,2,4,2,3,0,1
35.60347,-89.0379,Injury,POINT (-89.0379 35.60347),0,1,2,3,0,0,0,2,2,4,2,3,0,1
35.60295,-89.03986,Serious Injury,POINT (-89.03985999999999 35.60295000000001),0,1,2,3,0,0,0,2,2,4,2,3,0,1
35.60245,-89.04072,Injury,POINT (-89.04072 35.60245),0,0,2,3,0,0,0,2,2,4,2,3,0,1
35.60089,-89.04514,Injury,POINT (-89.04514 35.60089),0,0,2,3,0,0,0,2,2,4,2,3,0,1
35.59989,-89.04768,Injury,POINT (-89.04768000000001 35.599889999999995),0,0,2,3,1,0,0,2,2,4,2,3,0,1
35.59842,-89.05071,Injury,POINT (-89.05070999999998 35.59842),0,0,2,3,1,0,0,2,2,4,2,3,0,1
35.598,-89.05187,Injury,POINT (-89.05186999999998 35.59799999999999),0,0,2,3,1,0,0,2,2,4,2,3,0,1
35.59789,-89.05213,Injury,POINT (-89.05213 35.59788999999999),0,0,2,3,1,0,0,2,2,4,2,3,0,1
35.59728,-89.05358,Injury,POINT (-89.05358 35.597280000000005),0,0,2,3,1,0,0,2,2,4,2,3,0,1
35.59764,-89.05472,Serious Injury,POINT (-89.05472 35.59764),0,0,2,3,1,0,0,2,2,4,2,3,0,1
35.59625,-89.05702,Injury,POINT (-89.05702 35.59624999999999),0,0,2,3,1,0,0,2,2,4,2,3,0,1
35.59513,-89.05997,Injury,POINT (-89.05997 35.59512999999999),0,0,2,3,0,0,0,2,2,4,2,3,0,1
35.59511,-89.06004,Serious Injury,POINT (-89.06004 35.595110000000005),0,0,2,3,0,0,0,2,2,4,2,3,0,1
35.59459,-89.0617,Injury,POINT (-89.06169999999999 35.59458999999998),0,0,2,3,0,0,0,2,2,4,2,3,0,1
35.80054,-88.3463,Fatal,POINT (-88.34629999999999 35.80053999999999),2,0,2,3,0,0,0,2,2,4,3,1,0,1
35.78751,-88.39854,Fatal,POINT (-88.39853999999998 35.787510000000005),0,0,2,3,0,0,0,3,2,4,2,3,0,1
35.71069,-88.65847,Fatal,POINT (-88.65847 35.71069),1,0,2,1,0,0,0,2,2,4,2,2,0,1
35.70012,-88.6873,Fatal,POINT (-88.6873 35.70012),0,0,2,1,0,0,0,2,2,4,2,2,0,1
35.61568,-89.00415,Fatal,POINT (-89.00414999999998 35.61568),0,1,2,3,0,0,0,2,2,4,2,3,0,1
35.59728,-89.05358,Fatal,POINT (-89.05358 35.597280000000005),0,0,2,3,1,0,0,2,2,4,2,3,0,1
35.59654,-89.05621,Fatal,POINT (-89.05621 35.59654),0,0,2,3,1,0,0,2,2,4,2,3,0,1